USE PROJECT
CREATE TABLE REGISTAR(
	Registar_id INT NOT NULL PRIMARY KEY,
	Health_insurance VARCHAR(10),
	Patient_id INT NOT NULL,
);

INSERT INTO REGISTAR VALUES(92574,'Active',963475608);
INSERT INTO REGISTAR VALUES(92009,'Active',640101211);
INSERT INTO REGISTAR VALUES(37794,'Active',368958962);
INSERT INTO REGISTAR VALUES(15734,'Active',639629997);
INSERT INTO REGISTAR VALUES(97097,'Expired',280998092);

ALTER TABLE REGISTAR
ADD FOREIGN KEY (Patient_id) REFERENCES PATIENT(Patient_id);



CREATE TABLE EMPLOYEE (
	Employee_id INT NOT NULL PRIMARY KEY,
	Fname VARCHAR (20),
	Lname VARCHAR (20),
	Department_id INT,
	Shift_type VARCHAR (10),
);

INSERT INTO EMPLOYEE VALUES(48604,'Abell','Kim',102,'Day');
INSERT INTO EMPLOYEE VALUES(39772,'Ahmed','Bilal',132,'Night');
INSERT INTO EMPLOYEE VALUES(76151,'Allen','Egan',178,'Swing');
INSERT INTO EMPLOYEE VALUES(81765,'Alloco','Elizabeth',206,'Day');
INSERT INTO EMPLOYEE VALUES(79367,'Amalfi','Ashley',218,'Night');
INSERT INTO EMPLOYEE VALUES(16413,'Angel','Cynthia',102,'Swing');
INSERT INTO EMPLOYEE VALUES(77582,'Balaji','Karai',132,'Day');
INSERT INTO EMPLOYEE VALUES(35015,'Bansal','Sunil',178,'Night');
INSERT INTO EMPLOYEE VALUES(91072,'Bell','Derek',206,'Swing');
INSERT INTO EMPLOYEE VALUES(78918,'Belton','Ruby',218,'Day');
INSERT INTO EMPLOYEE VALUES(62950,'Bloom','Jonathan',102,'Night');
INSERT INTO EMPLOYEE VALUES(93666,'Boghani','Ashish',132,'Swing');
INSERT INTO EMPLOYEE VALUES(22380,'Booth','Laura',178,'Day');
INSERT INTO EMPLOYEE VALUES(82163,'Bressler','Matthew',206,'Night');
INSERT INTO EMPLOYEE VALUES(34624,'Brown','Elizabeth',218,'Swing');
INSERT INTO EMPLOYEE VALUES(59468,'Cady','Mark',102,'Day');
INSERT INTO EMPLOYEE VALUES(79756,'Cannon','John',132,'Night');
INSERT INTO EMPLOYEE VALUES(85157,'Carmody','Emily',178,'Swing');
INSERT INTO EMPLOYEE VALUES(49180,'Cellini','Christina',206,'Day');
INSERT INTO EMPLOYEE VALUES(71335,'Chan','Raymond',218,'Night');
INSERT INTO EMPLOYEE VALUES(92574,'Dawson','Damien',102,'Swing');
INSERT INTO EMPLOYEE VALUES(92009,'Denney','Erin',132,'Day');
INSERT INTO EMPLOYEE VALUES(37794,'Deiss','katharine',178,'Night');
INSERT INTO EMPLOYEE VALUES(15734,'DeISignore','Jeanne',206,'Swing');
INSERT INTO EMPLOYEE VALUES(97097,'Deutchki','Ian',218,'Day');

ALTER TABLE EMPLOYEE
ADD FOREIGN KEY (Department_id) REFERENCES DEPARTMENT(Department_id);

CREATE TABLE LICENSED_MEDICAL_PROFESSIONAL(
	LMP_id INT,
	Assigned_patient_id INT NOT NULL,
	Speciality VARCHAR (20),
);


INSERT INTO LICENSED_MEDICAL_PROFESSIONAL VALUES(59468,963475608,'orthopedics');
INSERT INTO LICENSED_MEDICAL_PROFESSIONAL VALUES(79756,640101211,'surgery');
INSERT INTO LICENSED_MEDICAL_PROFESSIONAL VALUES(85157,368958962,'pediatrics');
INSERT INTO LICENSED_MEDICAL_PROFESSIONAL VALUES(49180,639629997,'neurology');
INSERT INTO LICENSED_MEDICAL_PROFESSIONAL VALUES(71335,280998092,'pathology');
INSERT INTO LICENSED_MEDICAL_PROFESSIONAL VALUES(16413,963475608,'orthopedics');
INSERT INTO LICENSED_MEDICAL_PROFESSIONAL VALUES(77582,640101211,'surgery');
INSERT INTO LICENSED_MEDICAL_PROFESSIONAL VALUES(35015,368958962,'pediatrics');
INSERT INTO LICENSED_MEDICAL_PROFESSIONAL VALUES(91072,639629997,'neurology');
INSERT INTO LICENSED_MEDICAL_PROFESSIONAL VALUES(78918,280998092,'pathology');
INSERT INTO LICENSED_MEDICAL_PROFESSIONAL VALUES(62950,963475608,'orthopedics');
INSERT INTO LICENSED_MEDICAL_PROFESSIONAL VALUES(93666,640101211,'surgery');
INSERT INTO LICENSED_MEDICAL_PROFESSIONAL VALUES(22380,368958962,'pediatrics');
INSERT INTO LICENSED_MEDICAL_PROFESSIONAL VALUES(82163,639629997,'neurology');
INSERT INTO LICENSED_MEDICAL_PROFESSIONAL VALUES(34624,280998092,'pathology');

CREATE TABLE DOCTOR(
	Doctor_id INT NOT NULL PRIMARY KEY,
	Office_no INT NOT NULL,
	Position VARCHAR (10) NOT NULL,
	Availability_time VARCHAR (10),
	Gender VARCHAR (5) NOT NULL,
	Assigned_patient_id INT ,
	Speciality VARCHAR (20),
	);
INSERT INTO DOCTOR VALUES(59468,1001,'MD','available','M',963475608,'orthopedics');
INSERT INTO DOCTOR VALUES(79756,1002,'MS,PhD','Off','F',640101211,'surgery');
INSERT INTO DOCTOR VALUES(85157,1003,'MD','On-call','M',368958962,'pediatrics');
INSERT INTO DOCTOR VALUES(49180,1004,'MD','available','F',639629997,'neurology');
INSERT INTO DOCTOR VALUES(71335,1005,'PhD','off','F',280998092,'pathology');

ALTER TABLE DOCTOR
ADD FOREIGN KEY (Assigned_patient_id) REFERENCES PATIENT(Patient_id);

CREATE TABLE NURSES(
	Nurse_id INT  NOT NULL PRIMARY KEY,
	Assigned_patient_id INT,
	Working_hours VARCHAR (10) NOT NULL,
	Room_no INT,
	);

INSERT INTO NURSES VALUES(16413,963475608,'7AM–4PM',101);
INSERT INTO NURSES VALUES(77582,640101211,'7AM–4PM',101);
INSERT INTO NURSES VALUES(35015,368958962,'7AM–4PM',102);
INSERT INTO NURSES VALUES(91072,639629997,'7AM–4PM',103);
INSERT INTO NURSES VALUES(78918,280998092,'7AM–4PM',104);

ALTER TABLE NURSES
ADD FOREIGN KEY (Assigned_patient_id) REFERENCES PATIENT(Patient_id);

CREATE TABLE TECHINICIANS(
	Techician_id INT  NOT NULL PRIMARY KEY,
	Assigned_patient_id INT,
	Lab_office VARCHAR (30),
	Job_titile VARCHAR (30),
);

INSERT INTO TECHINICIANS VALUES(62950,963475608,'Immunology','Lab technician');
INSERT INTO TECHINICIANS VALUES(93666,640101211,'Hematology','Lab assistant');
INSERT INTO TECHINICIANS VALUES(22380,368958962,'Microbiology','Lab assistant');
INSERT INTO TECHINICIANS VALUES(82163,639629997,'Blood bank','Blood processing technician');
INSERT INTO TECHINICIANS VALUES(34624,280998092,'Chemistry','Quality control');

ALTER TABLE TECHINICIANS
ADD FOREIGN KEY (Assigned_patient_id) REFERENCES PATIENT(Patient_id);


CREATE TABLE ASSIGNED_LPN(
	Doctor_id INT NOT NULL PRIMARY KEY,
	Order_number VARCHAR (20),
	);

INSERT INTO ASSIGNED_LPN VALUES(59468,'ANDA203849');
INSERT INTO ASSIGNED_LPN VALUES(79756,'ANDA206242');
INSERT INTO ASSIGNED_LPN VALUES(85157,'ANDA203622');
INSERT INTO ASSIGNED_LPN VALUES(49180,'ANDA211713');
INSERT INTO ASSIGNED_LPN VALUES(71335,'ANDA200837');

ALTER TABLE ASSIGNED_LPN
ADD FOREIGN KEY (Order_number) REFERENCES ORDERS(Order_number);

CREATE TABLE PATIENT_PHONE_NUMBERS(
	Assigned_patient_id INT NOT NULL PRIMARY KEY,
	Phone_numbers BIGINT,
	);


INSERT INTO PATIENT_PHONE_NUMBERS VALUES(963475608,3142992101);
INSERT INTO PATIENT_PHONE_NUMBERS VALUES(640101211,3142992102);
INSERT INTO PATIENT_PHONE_NUMBERS VALUES(368958962,3142992103);
INSERT INTO PATIENT_PHONE_NUMBERS VALUES(639629997,3142992104);
INSERT INTO PATIENT_PHONE_NUMBERS VALUES(280998092,3142992105);

CREATE TABLE DOCTOR_ORDERS(
	Doctor_id INT NOT NULL PRIMARY KEY,
	Patient_id INT,
);

INSERT INTO DOCTOR_ORDERS VALUES(59468,963475608);
INSERT INTO DOCTOR_ORDERS VALUES(79756,640101211);
INSERT INTO DOCTOR_ORDERS VALUES(85157,368958962);
INSERT INTO DOCTOR_ORDERS VALUES(49180,639629997);
INSERT INTO DOCTOR_ORDERS VALUES(71335,280998092);

ALTER TABLE DOCTOR_ORDERS
ADD FOREIGN KEY (Patient_id) REFERENCES PATIENT(Patient_id);

CREATE TABLE EMPLOYEE_PHONE_NUMBERS(
		Employee_id INT NOT NULL PRIMARY KEY,
		Emp_phone BIGINT,
	);

INSERT INTO EMPLOYEE_PHONE_NUMBERS VALUES(48604,3141200001);
INSERT INTO EMPLOYEE_PHONE_NUMBERS VALUES(39772,3141200002);
INSERT INTO EMPLOYEE_PHONE_NUMBERS VALUES(76151,3141200003);
INSERT INTO EMPLOYEE_PHONE_NUMBERS VALUES(81765,3141200004);
INSERT INTO EMPLOYEE_PHONE_NUMBERS VALUES(79367,3141200005);
INSERT INTO EMPLOYEE_PHONE_NUMBERS VALUES(16413,3141200006);
INSERT INTO EMPLOYEE_PHONE_NUMBERS VALUES(77582,3141200007);
INSERT INTO EMPLOYEE_PHONE_NUMBERS VALUES(35015,3141200008);
INSERT INTO EMPLOYEE_PHONE_NUMBERS VALUES(91072,3141200009);
INSERT INTO EMPLOYEE_PHONE_NUMBERS VALUES(78918,3141200010);
INSERT INTO EMPLOYEE_PHONE_NUMBERS VALUES(62950,3141200011);
INSERT INTO EMPLOYEE_PHONE_NUMBERS VALUES(93666,3141200012);
INSERT INTO EMPLOYEE_PHONE_NUMBERS VALUES(22380,3141200013);
INSERT INTO EMPLOYEE_PHONE_NUMBERS VALUES(82163,3141200014);
INSERT INTO EMPLOYEE_PHONE_NUMBERS VALUES(34624,3141200015);
INSERT INTO EMPLOYEE_PHONE_NUMBERS VALUES(59468,3141200016);
INSERT INTO EMPLOYEE_PHONE_NUMBERS VALUES(79756,3141200017);
INSERT INTO EMPLOYEE_PHONE_NUMBERS VALUES(85157,3141200018);
INSERT INTO EMPLOYEE_PHONE_NUMBERS VALUES(49180,3141200019);
INSERT INTO EMPLOYEE_PHONE_NUMBERS VALUES(71335,3141200020);
INSERT INTO EMPLOYEE_PHONE_NUMBERS VALUES(92574,3141200021);
INSERT INTO EMPLOYEE_PHONE_NUMBERS VALUES(92009,3141200022);
INSERT INTO EMPLOYEE_PHONE_NUMBERS VALUES(37794,3141200023);
INSERT INTO EMPLOYEE_PHONE_NUMBERS VALUES(15734,3141200024);
INSERT INTO EMPLOYEE_PHONE_NUMBERS VALUES(97097,3141200025);


CREATE TABLE DEPARTMENT(
	Department_id INT NOT NULL PRIMARY KEY,
	Department_name VARCHAR (30),
	Floor_number INT,
	Current_available_doctors INT,
	Number_of_beds_availabe INT,
);

INSERT INTO DEPARTMENT VALUES(102,'orthopedics',2,1,5);
INSERT INTO DEPARTMENT VALUES(132,'surgery',3,0,6);
INSERT INTO DEPARTMENT VALUES(178,'pediatrics',4,2,11);
INSERT INTO DEPARTMENT VALUES(206,'neurology',5,2,2);
INSERT INTO DEPARTMENT VALUES(218,'pathology',6,1,4);

CREATE TABLE ORDERS(
	Order_number VARCHAR (20) NOT NULL PRIMARY KEY,
	Order_name VARCHAR (50) NOT NULL,
	Frequency INT,
	Order_start_data DATE,
	Order_end_date DATE,
	Order_availability INT,
	Order_administrator_id INT,
);
INSERT INTO ORDERS VALUES('ANDA203849','Morphine',3,'2020-10-21','2020-10-23',45,16413);
INSERT INTO ORDERS VALUES('ANDA206242','Moxifloxacin',2,'2020-10-19','2020-10-22',12,77582);
INSERT INTO ORDERS VALUES('ANDA203622','Doxorubicin hydrochloride',1,'2020-10-22','2020-10-22',53,35015);
INSERT INTO ORDERS VALUES('ANDA211713','Micafungin',2,'2020-10-24','2020-10-24',13,91072);
INSERT INTO ORDERS VALUES('ANDA200837','Vancomycin',3,'2020-10-18','2020-10-20',39,78918);

CREATE TABLE PATIENT(
	Patient_id INT NOT NULL PRIMARY KEY,
	Lname VARCHAR (30),
	Fname VARCHAR (30),
	DOB DATE,
	Sex CHAR(2),
	Admitted CHAR(2),
	Prescription_id VARCHAR (30) NOT NULL,
	Doctor_id INT,
	Test_results VARCHAR (30),
	Amount_due FLOAT,
);
INSERT INTO PATIENT VALUES(963475608,'Bush','Aiden','1996-05-21','M','F','ANDA204989',54470,'Initiated',0.00);
INSERT INTO PATIENT VALUES(640101211,'Walters','Connie','1981-03-18','F','T','ANDA208181',18245,'Finished',51.08);
INSERT INTO PATIENT VALUES(368958962,'Wolf','Lachlan','1990-04-18','M','F','ANDA212280 ',49288,'In_progress',207.62);
INSERT INTO PATIENT VALUES(639629997,'Daniels','Polly','2000-03-23','F','T','ANDA200456',38246,'Finished',0.00);
INSERT INTO PATIENT VALUES(280998092,'Chapman','Bruce','2002-04-08','M','T','NDA050708 ',30632,'Re_analyze',25.00);



SELECT * FROM REGISTAR;
SELECT * FROM EMPLOYEE;
SELECT * FROM LICENSED_MEDICAL_PROFESSIONAL;
SELECT * FROM DOCTOR;
SELECT * FROM NURSES;
SELECT * FROM TECHINICIANS;
SELECT * FROM ASSIGNED_LPN;
SELECT * FROM PATIENT_PHONE_NUMBERS;
SELECT * FROM DOCTOR_ORDERS;
SELECT * FROM EMPLOYEE_PHONE_NUMBERS;
SELECT * FROM DEPARTMENT;
SELECT * FROM ORDERS;
SELECT * FROM PATIENT;